[{"model": "blog.post", "pk": 1, "fields": {"title": "How to Render Django Form Manually", "date": "2017-09-26T11:01:20.547Z", "content": ""}}, {"model": "blog.post", "pk": 2, "fields": {"title": "How to Use Celery and RabbitMQ with Django", "date": "2017-09-26T11:01:39.251Z", "content": ""}}, {"model": "blog.post", "pk": 3, "fields": {"title": "How to Setup Amazon S3 in a Django Project", "date": "2017-09-26T11:01:49.669Z", "content": ""}}, {"model": "blog.post", "pk": 4, "fields": {"title": "How to Configure Mailgun To Send Emails in a Django Project", "date": "2017-09-26T11:02:00.131Z", "content": ""}}]